MSE,R2
1.1647497826112485,0.7807763594644315
