MSE,R2
1.2233274958404272,0.7777673134270326
1.205499221448651,0.7703534454247065
1.1811729557436692,0.7553509877907163
1.1742923348167673,0.7555927575294116
1.21332639573048,0.774878598219291
