MSE,R2
1.3720367055824154,0.7335145647069692
1.284905688560966,0.780843589170012
1.230772225931612,0.7646016827476341
1.478909069316729,0.7473425182210448
1.2799038852713558,0.7681072769677774
