MSE,R2
1.4093770480730976,0.752795183322328
1.286934459439349,0.7522517520978603
1.3530480838497887,0.7658714011693591
1.0388921074552757,0.7953937150064925
1.327607231499812,0.7667381339041497
