MSE,R2
1.2749320121882004,0.7491281448304157
1.2900189420234343,0.7377095213768429
1.3455169931585087,0.7469617490219037
1.2379304424862008,0.7568767122917486
1.256281111155704,0.7469999130971583
