MSE,R2
1.234898026825377,0.7302421446741305
1.307317005743008,0.7450904779737915
1.3741178824094478,0.7404729908575272
1.1763668499634432,0.7754474859492038
1.2776735093527338,0.7491154226717786
