MSE,R2
0.9781484066582576,0.8212116137457661
0.9823639857900549,0.8301950320043687
0.9952396141380162,0.8199584469594133
0.9408637219813905,0.822192472394008
0.7913785249272007,0.8515206893917784
