MSE,R2
3.9620151200634774,0.27581307211748174
4.504500967001809,0.22138163287523127
3.9685312985208574,0.2820818945247622
3.8506314214432127,0.27229498090659
3.845185437448052,0.2785620724727401
