MSE,R2
0.9763140297511271,0.821546905696124
0.9679615387445031,0.8326845441353147
1.0125249494190058,0.8168314827945956
0.9264208514728858,0.824921933671612
0.7733468440993039,0.8549038132119249
