MSE,R2
0.9619245492866534,0.8241770505430286
0.959630304158374,0.8341246264700961
0.9841561413569146,0.821963477330236
0.9379716181252196,0.8227390317141638
0.7582080668326946,0.8577441672791576
