MSE,R2
0.9889424258738568,0.8192386562031093
0.9532586645080469,0.8352259861316409
0.9753015435903457,0.8235652981488573
0.927592729765982,0.8247004682488495
0.7688121786276846,0.8557546121429761
