MSE,R2
0.9894099183993311,0.8191532067624656
1.0236671536944355,0.8230556384541451
1.0293388137002095,0.8137898090159413
1.0067947277918856,0.8097326135835815
0.8292158087916579,0.8444216165125908
