MSE,R2
1.0233637655054932,0.8129470385676278
1.07707684509721,0.8138235909946581
1.0727102519169227,0.8059437978813222
1.027664433266578,0.8057885878489026
0.8418464218209052,0.8420518469824985
