MSE,R2
1.179913587448046,0.7843324747213101
1.1148060334911425,0.8073019720016934
1.1552881307635372,0.7910052350034582
1.127318986813617,0.7869555418222556
0.8860624341447442,0.8337559900431253
