MSE,R2
0.9997821331296233,0.817257347687413
1.0029098114331894,0.8266436159139565
1.0282361937466358,0.8139892759644378
0.9923533745611969,0.8124617881210225
0.8120489847643934,0.8476424749470997
