MSE,R2
0.9578271843899999,0.8249259770380071
0.9430695263008149,0.8369872134488155
0.9663261932918004,0.8251889634289344
0.9306421564933728,0.8241241775338976
0.7573751119747874,0.8579004471871589
