MSE,R2
1.8408366524644841,0.6038729113289141
1.5774748081689924,0.5536139674556988
1.5585804940358783,0.6023947902129522
1.7858809385287302,0.6116927518452209
1.988830029852946,0.5242589341864015
