MSE,R2
2.172272516151936,0.5063911042530909
1.4765078020177351,0.6343316850891867
1.82692970907677,0.6065229586202086
1.49779436926964,0.5884048093201615
1.7101002198924675,0.5825118134894526
