MSE,R2
1.5330608469851024,0.6701027604710004
1.264244053972384,0.6422504597233487
1.3472227952892986,0.6563136750391259
1.457468152234422,0.6831001242817316
1.6617293222100369,0.6025035488324937
