MSE,R2
1.9818363754161332,0.5640057189286176
2.75710288873131,0.5075504487136164
1.9944901760118545,0.4228763364474283
1.7405550745608784,0.45488773560871365
2.6043360056052465,0.34817283478477734
