MSE,R2
2.12337516879422,0.5644261399569657
2.1092492018157594,0.4998966137773555
1.5220189859409057,0.6079169790412551
2.094103971920726,0.5972614609461455
2.074434837645031,0.4609230702284183
