MSE,R2
0.18292014624888628,0.3542645737940303
0.3492831070495547,-0.033982977114590085
0.13025192432394533,0.5673572914910467
0.36052657316599984,0.2154988142919847
0.12172392989484546,0.5998899956351088
