MSE,R2
0.32051359745090185,0.6015375539446928
0.21959810208122876,0.6522380736535787
0.26533590690996556,0.644523983490999
0.2682600479807113,0.6088491547485214
0.25000639148126524,0.6887669447977456
