MSE,R2
1.4052519282217646,0.6908514689863965
2.165005938764808,0.6133056160382608
1.8753561650381552,0.4573488335766621
1.4533860676753572,0.5448241874304731
2.5619131947328015,0.3587906431213098
