MSE,R2
1.2649949953638737,0.7310256011109544
