MSE,R2
2.1690571944717627,0.39257652837333623
1.723886712438261,0.5746505723967671
1.9043081423952106,0.6356557481698565
1.664339940276366,0.5953011414709537
1.5822383915169251,0.46585971450643726
