MSE,R2
1.3264811790201778,0.6658100667836448
1.86071437974057,0.4755693048613431
1.9102787165132327,0.3155270927886016
1.3253400487965759,0.6873999093227583
2.1259079993289447,0.5346385601038317
