MSE,R2
1.5189509093186013,0.6152114577448287
1.8233306649210017,0.6405657195370554
1.4909586597622093,0.539535119519869
2.34317597808557,0.4261812827900522
1.812361897186161,0.5927062568656318
