MSE,R2
0.2246460380285719,0.6338782541981465
0.24820637175728563,0.668203223977679
0.21018288268195573,0.6528361572374992
0.23193156901764722,0.6782623988054484
0.24969520081292526,0.666753423909157
