MSE,R2
0.007566726112788316,0.6847025487457065
0.008873370664420469,0.6523805788858676
0.0075016112519394355,0.6741596014015834
0.007733841374120862,0.6613546670102061
0.006734460307737082,0.6972997537563748
