MSE,R2
0.01845952560064357,0.0051578640202111226
0.017871363211763056,0.3206695101041328
0.016193744390787405,0.350684050771757
0.019475636064272574,0.1664609628163881
0.019018091956395953,0.15987146154612197
