MSE,R2
0.21962319947406908,0.7256646050085744
0.24883684420774185,0.6728609653426383
0.2719342290174424,0.5698648294548319
0.22923879389909707,0.6847051024889644
0.28077884863958535,0.6018648144346892
