MSE,R2
0.96473008932483,0.8246451686845543
1.0231376444314684,0.8078491298636726
1.1104697868724098,0.8014596095769043
1.1723741279724498,0.802925008247152
1.2077535262716883,0.7975127474134154
