MSE,R2
1.4618521348127507,0.7342854365746831
1.1721212910188343,0.7798691826066709
1.270539902221149,0.7728407461264032
1.1860751013787203,0.800621887462905
2.1725607996360763,0.6357569174286462
