MSE,R2
1.9554390450308532,0.644568270769912
2.555140459944324,0.5201305851944695
2.1116177316738827,0.6224648218015552
2.3597718885827934,0.6033245579332802
2.350985363874524,0.6058429498676235
