MSE,R2
2.735564027007256,0.5027683143539403
2.2084363201591177,0.585243527233283
1.505763846376144,0.730785163649976
1.9049312621803023,0.6797828407957263
2.4521424007815207,0.5888833550185586
