MSE,R2
0.900566759786721,0.8363078606149643
0.9196446242733098,0.8272856875787169
0.9262792425906937,0.8343909535956643
1.0267333113764778,0.8274070929713926
1.0099778163201734,0.8306710527011407
