MSE,R2
6.429219461536328,-0.16861151802230534
2.4110677003633216,0.5471882408941722
4.903444464193422,0.12331538431059952
2.2896697529931385,0.6151086612016465
1.2232419015166307,0.7949160267397364
