MSE,R2
0.7274936912800739,0.8677666065057136
0.849329296830147,0.840491292343296
0.8552261317734082,0.8470945071089668
0.8519607399700184,0.8567861983668005
0.892747964911602,0.8503253530335377
