MSE,R2
11.928546182851866,-1.1682004395616987
1.9570481624430278,0.6324556042299773
5.073309858755727,0.09294522732437605
10.41243370354604,-0.7503203433892518
13.372608333064486,-1.2419994331439188
