MSE,R2
0.6402560882715352,0.883623409697819
0.706941780801998,0.8672324500460431
0.7343717570091249,0.8687020060555337
0.7628546907061489,0.8717648417066837
0.7210043574273167,0.8791192174043205
