MSE,R2
0.8581499423399804,0.8440177827482283
0.7963466911717494,0.850441716740991
0.902807803165948,0.8385874016235804
0.9629426562430646,0.838130242292393
1.0416428698469589,0.8253622131472304
