MSE,R2
0.7853080567197247,0.8572579384217994
0.8185842912979862,0.8462653732770824
0.8454464161670668,0.8488430180344001
0.9442265459975955,0.8412764028773678
0.8803096885723334,0.8524107060033825
