MSE,R2
0.909440477158161,0.8255214191271121
0.9676298787077726,0.8185735997758498
0.9395604986999329,0.8242049117375636
0.945568883336544,0.8170509277924779
0.97936246992581,0.8252564157383371
