MSE,R2
0.8821295386551564,0.8307610955127522
0.8914434540265962,0.832858223556084
0.876430980240026,0.8360166676436287
0.8680164665271737,0.8320558025855875
0.9412370718186935,0.8320589724231414
