MSE,R2
6.731456850727793,-0.29144794851462064
15.863120009153485,-1.9742661144649993
13.31498862924795,-1.491281407137501
5.173662536462063,-0.001002441641968277
8.29955417878467,-0.48085503530124063
