MSE,R2
5.945979449544977,-0.14075201435699936
7.475439663689427,-0.40161247406622747
4.712998707961169,0.11818129328211868
4.772237631017058,0.07666542085474759
1.4087115214271144,0.7486494449154029
