MSE,R2
0.9412166884509073,0.8194250682486024
0.9198519330543515,0.8275317571051597
0.964107515292708,0.8196120782218108
0.819620291158258,0.8414195153072808
1.1378153046043642,0.7969843335232112
