MSE,R2
1.7407121209970617,0.666039737390111
1.5497125198950426,0.7094356323077482
3.042505851432793,0.43073640768030586
2.5895822619461426,0.49896651573771855
2.859548684576758,0.48978258626602345
