MSE,R2
0.7838242725905393,0.8496212229714326
0.7764328332292149,0.8544222155099903
0.7423299804242292,0.8611074384149826
0.7488817684661154,0.8551060349505589
0.7948534766410981,0.8581775902831652
