MSE,R2
1.098244781630781,0.7892988098036144
1.1144419209950809,0.7910469793935682
1.0110012199032745,0.8108381004392478
0.9856185423526768,0.8093021026266425
1.067059641655256,0.8096089730516933
