MSE,R2
0.8874632068983302,0.8297378170362721
0.900301109001506,0.831197451713578
0.8815510574648503,0.835058683108419
0.8667368603618772,0.8323033813340611
0.9402613909748563,0.8322330591101272
