MSE,R2
1.2931694458440244,0.7519019931418724
1.133953217274611,0.787388696070993
1.6563043752413908,0.6900996005707869
1.1178200065966024,0.7837237067486408
2.010746410632975,0.6412308561692213
