MSE,R2
1.3169483774618385,0.8121681420419359
