R2,MSE,PercentageError
0.8121681420419359,1.3169483774618385,30.702836004932184
