MSE,R2
1.2972095930329306,0.8149834175808762
