R2,MSE,PercentageError
0.8149834175808762,1.2972095930329306,30.62063296341965
