MSE,R2
2.2954082015663504,0.44026727080230565
2.7678120523327046,0.3738434471305764
1.994098523371559,0.5993468286977909
2.285367640874335,0.5443390352288018
1.9108366623428716,0.4396380734946752
