MSE,R2
2.997057811152755,0.16922353621753616
3.2919632797726206,0.13806530898571823
2.635292898512871,0.35982179956096383
2.163613188986684,0.46155283818267323
1.9920772317213573,0.36361724186345046
