MSE,R2
2.27565435146729,0.39747817711945876
1.821118037413538,0.5265801766155522
1.830208587677357,0.609524373876196
2.8424564754580968,0.36396513690759047
1.8633808157745166,0.4433439419116638
