MSE,R2
1.4693392309058881,0.6875761265100333
