MSE,R2
9.776689478587324,0.8178911451033379
