LoggedR2,LoggedMSE,UnloggedR2,UnloggedMSE,PercentageErrorUnlogged,PercentageErrorLogged
0.8178911451033379,9.776689478587324,-0.007458529374500866,1.7187680376739978e+17,52.32223592272914,50.801479654747226
