LoggedR2,LoggedMSE,UnloggedR2,UnloggedMSE,PercentageErrorUnlogged,PercentageErrorLogged
0.8198389195110638,9.672121331313646,-0.007441963890443937,1.718739776238221e+17,52.075626798191536,50.06165228113441
