MSE,R2
9.672121331313644,0.8198389195110638
