MSE,R2
1.02178241189444,0.8595035658535589
1.0117733901938846,0.8587198047012616
1.1330868464465218,0.8406906992046771
1.0952112271853494,0.855719531145845
0.994566029644478,0.8535144401098061
