MSE,R2
7.193461664888917,0.8365100500695158
8.34550110290435,0.8202150256086331
7.214935353863823,0.845530431410682
8.07485093389467,0.8242937036605296
8.390574662403926,0.8195277847554487
