MSE,R2
7.671258615265752,0.8256508833521448
8.64410963296294,0.8137821791842353
7.6214742748823845,0.8368265569247001
8.053763689616808,0.8247525556718424
8.495177846599441,0.8172778830344157
