MSE,R2
7.185273759886476,0.836696141306426
8.459419082018446,0.8177609200126713
6.820404109243971,0.8539772252019525
8.253934069081998,0.8203969091960589
8.440613507953055,0.8184515031337626
