MSE,R2
38.588734190830365,0.12297159356071408
43.132023129406114,0.07081796789057415
40.43278770598869,0.13434632917912126
39.42206574071073,0.14218785931067213
40.54909519034789,0.12783267778376017
