MSE,R2
7.016467023046763,0.8405327093232625
8.373604531593346,0.8196096007042615
7.848083076355692,0.8319749314997573
8.016343209819915,0.8255668139121721
8.68581121887137,0.8131775647156229
