MSE,R2
7.9518555904236825,0.8192735941475426
9.125904573367814,0.8034029952437484
7.873248364697575,0.8314361503405451
8.46215980069455,0.8158659807115907
8.760570845063492,0.8115695657533823
