MSE,R2
7.4383112528097515,0.8309452123412404
8.746314882977595,0.811580397885548
7.840700500820443,0.8321329901935747
8.241544022935052,0.8206665128256215
8.856972695916662,0.8094960658708175
