MSE,R2
9.131013946944634,0.7924741824527978
10.059541661597818,0.7832898926357041
9.307488454553233,0.8007295068201893
8.797729899811554,0.808564077585352
8.767767666401147,0.8114147698851869
