MSE,R2
7.171676477614066,0.8370051745787873
8.468523306856813,0.8175647900488456
7.123635082679625,0.8474851424108794
8.183617329805076,0.8219269800209152
8.840405529987343,0.8098524077491617
