MSE,R2
8.72041193662981,0.8018061710328417
9.696630743006924,0.7911079888052086
9.23782616119673,0.8022209553050269
9.056860108877125,0.802925483179421
9.791824484029227,0.7893884117572115
