MSE,R2
8.83130901943517,0.7992857491052765
9.649825230327789,0.7921163078737262
9.724466139372359,0.7918021415804039
9.414060636143095,0.7951529085263137
10.219176820437864,0.7801965237227506
