MSE,R2
7.361503761917364,0.8326908604624467
8.462158555190694,0.8177019042498015
7.390172602763668,0.8417786552809289
8.231638789450468,0.8208820476886428
9.328156519001025,0.7993614098119834
