MSE,R2
7.127733331089497,0.8380038958008877
8.351686338041125,0.820081778685895
6.993226607888625,0.8502771481397414
8.179988832588503,0.8220059350149358
8.8189452245148,0.8103139957838655
