MSE,R2
7.236730243080366,0.8355266601507774
8.495108703027979,0.8169920677268567
7.299851928891534,0.8437123934010152
8.138083362721089,0.8229177852728596
8.672106009131536,0.8134723490017602
