MSE,R2
11.557197368280212,0.7373329132621389
15.003716781954399,0.6767788052319298
12.186377640598424,0.7390933661239734
13.38789351136849,0.7086835157791322
13.653362285368503,0.7063308967122754
