MSE,R2
6.1609364288738675,0.8743415163361986
7.711949237578218,0.8676510835493239
7.4424619007856965,0.8671265228440471
8.968136701882832,0.8421153732611466
8.926677249563014,0.8282221181796463
