MSE,R2
48.432849352538,0.012163413887117835
59.60264010170409,-0.022873023673757098
21.041851382884477,0.6243307663089959
31.108652614301903,0.45233015846797464
71.70674033759408,-0.3798675165540475
