MSE,R2
14.243884373686393,0.7094816782248294
15.858731833748463,0.7278397575218523
23.56278653541982,0.5793234254764306
17.9920571651351,0.6832486697950224
23.219438737819026,0.5531835763822117
