MSE,R2
6.29367091146065,0.8716342633066777
6.563984080766244,0.8873519321865104
6.25706186448364,0.8882899801440595
7.756873998013443,0.8634397315130634
7.915131414703848,0.8476875022210392
