MSE,R2
6.099543854773606,0.8755936795192987
7.421052526798426,0.8726433187527367
8.291735562834942,0.8519640744448769
9.018990127492257,0.8412200954138486
9.032114626300464,0.8261931651062571
