MSE,R2
58.90944772764527,-0.20151732782624188
44.38395193762447,0.23830308450161009
92.70054061382264,-0.6550226698903092
21.511329582322553,0.6212916512469746
84.7205264933558,-0.6302944736179679
