MSE,R2
40.70870762080431,0.16970503906362666
18.68404528353527,0.6793530309896338
48.24536824535381,0.13865466550083383
14.738135440116595,0.7405341722432772
34.9285086093454,0.32786354246748906
