MSE,R2
100.57901544488708,-1.051409995073222
18.8186346519476,0.6770432703148155
14.720033567402842,0.7371969020430352
80.13039403387631,-0.41070077018559403
99.66187164213868,-0.9178138438663301
