MSE,R2
4.707510155623154,0.9039856043287113
6.562926036433167,0.8873700898554376
7.499636089988333,0.8661057674241067
7.2899882328440375,0.8716592856092871
7.555936162100819,0.8545995701637997
