MSE,R2
4.161204847257719,0.9151280495493698
5.289781422242524,0.9092192106136624
5.3249121576068,0.9049320502592659
6.274175074430874,0.8895427419708306
6.902233758625983,0.8671788996354998
