MSE,R2
12.92828804006136,0.7363145862259912
15.824516652507771,0.7284269426839776
25.330225210408493,0.5477685817249479
18.241484135247212,0.6788574918520629
22.336078938695568,0.570182250237717
