MSE,R2
4.664557034565852,0.9048616763549366
6.471944319044258,0.888931476133056
7.499636089988333,0.8661057674241067
7.307461093403578,0.8713516747689078
7.49292106746253,0.855812182558877
