MSE,R2
57.455127830088024,-0.17185501346885412
45.35852989726186,0.22157782698484452
92.70054061382264,-0.6550226698903092
21.85681552447389,0.6152093488877082
81.27518960990774,-0.5639951490820416
