MSE,R2
5.71959792072438,0.8833430582863151
7.393990341277825,0.873107747500917
8.687996320918707,0.8448894604946886
8.90208906440043,0.843278146191303
9.061813189443903,0.825621669562365
