MSE,R2
5.991865999565668,0.8777898774781329
7.518764886379728,0.8709664242976475
7.656391551712412,0.8633071446645779
8.91985736069709,0.8429653341856616
8.712515498991035,0.8323432766859644
