MSE,R2
6.29367091146065,0.8716342633066777
6.87678181479947,0.8819838417216769
6.25706186448364,0.8882899801440595
7.756873998013443,0.8634397315130634
8.001498156587232,0.846025529286913
