MSE,R2
46.449921659688826,0.052607214918827805
47.775635225594286,0.18009657998789064
20.29296721208294,0.6377009178916258
31.274535805001378,0.4494097741655879
81.1876933893419,-0.5623114413578914
