MSE,R2
5.5152729455805325,0.8875104712839383
7.162617319487234,0.8770784646032407
7.328864683290003,0.8691546228847473
8.39335442579442,0.8522344524113646
8.612763408369242,0.8342628266321667
