MSE,R2
38.843048890057254,0.20775702188252076
19.368891539654516,0.6676000153588997
48.24536824535381,0.13865466550083383
14.574719680160673,0.7434111172678184
34.9285086093454,0.32786354246748906
