MSE,R2
1.20014892119067,0.8270797796992304
1.524219024686932,0.780802951079306
0.9879707640798668,0.8500981321512284
1.5879713581597172,0.7848726119513081
0.7727223038842482,0.8863459563803727
