MSE,R2
0.9508583604444779,0.862132312462327
0.7437268933903771,0.890698017661597
0.8410262291270129,0.8863265033490829
0.8600213336120943,0.8759024292002269
0.9004149071352046,0.8710771838339377
