MSE,R2
2.748967838057258,0.48260240424939194
