MSE,R2
1.6358508554091271,0.7109506932223429
1.5489759444956115,0.7045793877719744
1.5812346555364964,0.7005940767960572
1.6650201484053517,0.6923639687177434
1.4211045232364357,0.7469036177869474
