MSE,R2
2.294932335256289,0.5546892045663079
2.444861194057444,0.5686780250207062
2.3626429312829473,0.5694456772113443
2.435382855602132,0.5349707237554149
1.508452936785513,0.6978916143719003
