MSE,R2
1.5595725796215423,0.6895922944943873
1.4752407790423845,0.7284853758310379
1.3738814090796287,0.764643336590135
1.6618748986429148,0.6806118448344031
1.5296757922668012,0.727401110850886
