MSE,R2
1.590015176003388,0.6935117355902718
1.8092039338803776,0.654127743237274
1.7037989151256479,0.6666173622582716
1.5796000055235833,0.7006300736767959
1.5490271472687107,0.6841721585830742
