MSE,R2
1.2200685477518043,0.8345369259353879
1.1449258394306705,0.8419683271371885
1.2029169797635184,0.8253080748188971
1.1992518061958952,0.8375382377263659
1.151122025786618,0.827544893565476
