MSE,R2
0.7846052065173466,0.8510519971443027
0.80048222328811,0.853185988778381
0.7819746366665495,0.8532311068199432
0.7272580072461957,0.8677044602160549
0.7772566299375103,0.8478221302593557
