MSE,R2
0.7479682516151145,0.8588850150106032
0.7427989920137766,0.8642516136278353
0.7760116617189858,0.8515110095679406
0.7974607920811968,0.8495366918076711
0.7872075530724388,0.8531837372191119
