MSE,R2
0.8588084964150073,0.8416929131725357
0.8753901760318136,0.8371155535070695
0.7957931944585377,0.8509057107219153
0.7783061142520723,0.8515504362643855
0.8635786985165951,0.8364311957110466
