MSE,R2
0.42236497968797143,0.9423244546513303
0.6107895261522267,0.9111612695151632
0.5383090082015786,0.923782942684984
0.48788629687668783,0.931553779124464
0.4581067851422894,0.9290929672749295
