MSE,R2
1.0023824314574168,0.82471439166171
0.824806640492795,0.8492005891572304
0.764642458658352,0.8561042409766046
0.8479555009267082,0.8420334287387514
0.7697727982375572,0.8468883812082671
