MSE,R2
0.8495818228467847,0.8522040957406718
0.7684508706875396,0.8628225659318212
0.6306084292416547,0.8896784509589845
0.7062696979727139,0.8790682326458863
0.8721106639385899,0.8554926730402603
