MSE,R2
0.8359200613290377,0.8459120161455789
0.8604789700984637,0.8398900917546949
0.776649343256289,0.854492369804853
0.7635992475733494,0.8543555381419061
0.880326091078359,0.8332591038322277
