MSE,R2
0.9573087705623042,0.8252072455553741
0.8174190665021388,0.8459350110401589
0.85245154963712,0.8394618038056948
0.8251027455513568,0.8497373455716369
0.8077604577414277,0.8534190338057048
