MSE,R2
0.7273662830544657,0.8630985925435923
