MSE,R2
0.7853103389289413,0.8587518050917489
0.7682446828951116,0.8574398646631695
0.7535880701760315,0.8655256768881542
0.7509183385958106,0.8519317656600727
0.83565752643598,0.8322073353630092
