MSE,R2
1.0183321214978351,0.8130327285889998
0.8151889978822591,0.8460041631299018
0.7806208228223566,0.8519204095766553
0.8734159849272888,0.8417968565930679
0.8377020923064794,0.848585074910334
