MSE,R2
0.985873040589428,0.8027925851397434
0.9978768510875909,0.7945238979280675
0.9931296222921009,0.8059809452289852
1.0733329212831266,0.7840593282687176
0.9942119941139975,0.8036543287794671
