MSE,R2
1.0538344190304727,0.805578077963756
1.11769009905988,0.7931803363475669
1.1444898362270433,0.7762609298670563
1.042407340394059,0.7939073377864025
1.0490596582167686,0.793306865387177
