MSE,R2
0.0038426838677832467,0.8670494799419489
0.003833911689431846,0.8700513120573945
0.003410971434319559,0.8837926291932827
0.003676016203467591,0.8655720654921145
0.004097534930286308,0.8619221165384252
