MSE,R2
0.7533430722516599,0.8703641280107164
0.7152521520375416,0.872806813898881
0.7261403675725975,0.8718705823182799
0.7187708051599172,0.8700973091615498
0.7382355735960515,0.8707340225727598
