MSE,R2
0.7013323615088466,0.8739400138619013
0.6751749411848073,0.8807830552990494
0.7106175251934528,0.8740202333474776
0.721694617376172,0.8729539684138312
0.7297757382966982,0.8786456924615417
