MSE,R2
6.635822686032113,0.8831800641595497
7.0576746233225345,0.8748129753343012
6.444554319724541,0.8771991758844668
7.565145936745589,0.8582414406769459
6.44510938762362,0.8789024101694413
