MSE,R2
1.8029340796412185,0.5470806030378762
2.075519524325964,0.5927448679722207
2.2072063358863123,0.4606364851264563
2.538400022486517,0.4201385566283333
1.933568437629673,0.5136228897656202
