MSE,R2
1.9678665671061495,0.5056475170445465
2.0347855432173794,0.6007376248024803
2.1211157155441525,0.48167400156994955
2.7672359504902033,0.3678642380291981
1.8856235497285967,0.5256831280142458
