MSE,R2
3.5832578065960967,0.099841207036096
4.183934504565242,0.1790350420309058
4.663614240655208,-0.13962311903388214
3.2563503565765703,0.2561329967060537
3.837482328829433,0.03470519618140744
