MSE,R2
1.8791972058732629,0.5279223600751954
2.134644813863011,0.5811433979236984
1.7885424760481212,0.5629431917181513
2.352934271680221,0.46250557404318604
2.0847384325242144,0.47559701809743826
