MSE,R2
1.7135841985244844,0.5695264011017088
1.9764425043361364,0.612185602874476
1.8218069184268555,0.5548145332098846
2.6013970518673437,0.40574777973686826
1.8856971581895245,0.5256646122638757
