MSE,R2
1.907331132195365,0.5208547689259289
2.229260263440019,0.5625781052546902
2.359638794089943,0.4233873593420694
2.733619753655925,0.3755433808925426
1.9300571592828584,0.5145061299873348
