MSE,R2
1.7152098265224476,0.5691180231910373
2.2127850348965614,0.5658108483327553
2.3375939219429807,0.4287743499159927
2.512561351951304,0.42604103403876015
1.9955291021558723,0.49803707011012444
