MSE,R2
1.7329622568767027,0.5646583925581408
2.0309292819053386,0.6014942942490271
2.1338356070184963,0.47856570794879294
2.4757525205733373,0.4344494889326206
2.0909173658726936,0.4740427458576367
