MSE,R2
1.905487327642426,0.5213179554925722
2.1984537500838712,0.5686229101900946
2.195247732221198,0.4635587468112504
2.6487064677102135,0.39494061541576
1.9410405780484639,0.5117433193333409
