MSE,R2
0.8534003476864824,0.8782824174194673
