R2,MSE,PercentageError
0.8782824174194673,0.8534003476864824,20.180846691327577
