MSE,R2
0.8765887926481197,0.8749751285576995
