R2,MSE,PercentageError
0.8749751285576995,0.8765887926481198,20.550760378133994
