MSE,R2
2.508442455102722,0.6390957392320465
