MSE,R2
0.8652717830378869,0.8765892350617952
