R2,MSE,PercentageError
0.7360574017608497,1.845122192303419,45.52209620649199
