MSE,R2
1.845122192303419,0.7360574017608497
