MSE,R2
35.43055656727478,0.16761241000389848
16.63973912009322,0.6507842112136337
11.831494656261714,0.7430142659405059
38.781148801385434,0.1564287242539949
40.93941406652859,0.15667887345697928
