MSE,R2
12.866928065907565,0.7045576674957741
