MSE,R2
6.968386995922063,0.838810874265922
7.81992377223126,0.8291424692726292
9.157218632140008,0.795642166945593
6.799752754050797,0.8406795090414749
7.615260204255345,0.8340643854254766
