MSE,R2
13.424592072468506,0.6917529363269911
