MSE,R2
171.53315148743823,-2.54368904803474
7.635372747294429,0.8372074203347638
151.0265529522527,-2.1878465269982392
7.222009795337846,0.8409186435810323
6.763493439337976,0.8625808623903681
