MSE,R2
0.9301481245759573,0.8195488382739395
1.1680141538162596,0.810685860295183
1.0412378673937144,0.8189432301389922
0.8497372601886922,0.8423422435844841
0.930841748992613,0.8284614331201903
