MSE,R2
0.9848772383082758,0.8189808394968469
1.1641236645823143,0.7972635021010434
1.0506731137705787,0.7931533781994443
1.0502876313405554,0.8212621424695405
0.8842343424561661,0.8286856604117463
