MSE,R2
0.9270153277012194,0.8253193656384485
1.0125135055389916,0.811486093617296
0.9315033503952693,0.8154295680300467
0.9371477928344348,0.813990920543889
1.0973850163817516,0.807273588947647
