MSE,R2
1.345221465304755,0.7656449752194685
1.1531229675280403,0.7669140904058402
1.2387782603935886,0.7738676340438257
1.2066387435692234,0.7794705863310798
1.1474154250876694,0.7831268403243161
