MSE,R2
0.8732507834132944,0.8356409087184226
