MSE,R2
1.2239828693252723,0.7599521708065666
1.309298246795441,0.7421803575141639
1.2238293727116836,0.7652396169557805
1.152187046671303,0.785043920217265
1.2489130542157565,0.758311172174249
