MSE,R2
1.3177484343463886,0.7453471228851449
1.2096222721915426,0.7690368769798355
1.1718797035680637,0.7506594707228982
1.284768963029547,0.746483850017267
1.2990411553932661,0.753092629458928
