MSE,R2
3.824760099426324,-0.012995790578975042
3.93720902470166,-0.0017177964597945294
4.32245325308189,-0.007023411775636479
4.315462368773577,-0.032477538035053266
4.604089309350681,-0.0025810989858432443
