MSE,R2
1.3214341204302344,0.6500153822133745
2.0953864112645104,0.4668848299760433
2.135626680655672,0.5024524407060815
1.5220431920932083,0.6358500495505395
1.537560622553355,0.6651825985247226
