MSE,R2
1.381173022502971,0.634193407825342
1.9595248561745988,0.5014511780501285
2.0544398820108767,0.5213669325873138
1.454257717124196,0.6520677741718834
1.6188977949170693,0.647470711074756
