MSE,R2
1.4015803484429001,0.6287884844479982
1.7979607263016997,0.5425568605647845
1.9979217604743407,0.5345342401889155
1.608529493136732,0.6151581385698506
1.6437040600890862,0.6420689278062637
