MSE,R2
2.5230132135846572,0.5589250435321038
2.1685153382150553,0.5173365835761476
1.8095718435195303,0.5666382757722672
2.486244594430533,0.5195797089167524
2.5931663946965156,0.42773974596386966
