MSE,R2
2.259710472556545,0.5433091174419089
2.4214417351091204,0.5402561021063642
2.601544330989781,0.19289104827494685
2.012445750370174,0.5682017750640411
2.345976306711311,0.33186083342567574
