MSE,R2
1.7178620770592499,0.6018077664322097
2.0829029830119805,0.41013439833345056
2.0594699350606778,0.4953180089715439
2.359615903049117,0.4317515413772043
3.0638586418586264,0.29378410955238266
