MSE,R2
1.5791585207408216,0.6642253800027109
