MSE,R2
2.5463818284238786,0.38898047549995196
2.0226554147893467,0.5417085284183342
2.2977872460842166,0.3946595184449663
2.997505618778108,0.2850902386950316
1.9974584791665755,0.3545166964935106
