MSE,R2
1.4630842384805012,0.6889061181968305
