MSE,R2
2.7735422177230515,0.5019827887460002
1.6434451530398388,0.5185602353399998
2.0348107776625235,0.5875377714457191
2.537891865099319,0.37167386592758156
1.9943999883298758,0.47862857700466566
