MSE,R2
3.3531344054357834,0.10270520588665621
3.743661202643505,-0.03643934179610442
3.3547946331074545,0.312595666835242
1.8775716393281572,0.5659219884032931
2.445033704481631,0.38626099303781103
