MSE,R2
1295514189842105.5,-0.039318530392542295
1618654657829522.2,-0.07200690790163611
616794351336833.6,0.08890764592418221
1284822121642946.2,-0.08648090732603331
2199610779153419.5,0.14402547713230163
