MSE,R2
4.906931469718007,0.05859211154506594
3.2332960605686107,0.3937710295683773
4.311342293400511,0.19333262727984024
5.135734769419919,0.00633583895666856
3.2604941933832023,0.418243541781542
