MSE,R2
5.058872615094067,0.029441797602303366
3.298623191035151,0.38152247629577096
4.285579521221011,0.19815293296047187
5.125877131065832,0.008243099044028757
3.3072622383136543,0.40989891346361507
