MSE,R2
5.328395365353024,-0.02226686080829232
6.399156688158341,-0.19981409002509842
10.996387967662773,-1.0574630330011865
5.489548353020741,-0.062120164614200224
10.244045780785571,-0.8278026083750594
