MSE,R2
4.8788142397279115,0.06398647710275285
3.256566648699678,0.38940789534875553
4.2727701652531,0.20054960871054828
5.101396083604639,0.012979702583571728
3.1848579971945172,0.43173899461723253
