MSE,R2
4.874397929644375,0.06483375796986146
3.214580464099316,0.39728012263194246
4.247912224766611,0.2052006171851396
5.067123632411082,0.01961075110751853
3.275497180799874,0.4155666209515857
