MSE,R2
4.905536513283947,0.05885973765706265
3.2866513704375677,0.3837671406689396
4.354452513950089,0.1852665527300773
5.110432951207404,0.01123124557242905
3.288391935332596,0.4132658633726345
