MSE,R2
4.834368215040178,0.07251356546942611
3.265170252389088,0.38779475701903643
4.273273184044763,0.2004554921177365
5.043395720968984,0.0242016375677796
3.3606358151571523,0.40037568747844476
