MSE,R2
9.753616621589586,0.8452606717118852
8.15567475533407,0.8868218569508608
11.387489577725706,0.8448089270993125
17.93492446726107,0.7289521194957413
196.35393833111365,-1.963034787960325
25.457661033113144,0.6443422043030498
18.937309239803778,0.714248370707875
7.1430031397629365,0.8975290555336131
10.539050520582755,0.804460216646338
8.05044622757599,0.864975534962933
