MSE,R2
7.166077233433576,0.8354570289111419
