MSE,R2
10.369430841396197,0.7875276857453658
10.877505854623479,0.7548585294667125
9.87632231532062,0.773484040240824
11.475990063513041,0.7583801005337649
8.359183211192676,0.8071282023056978
