MSE,R2
9.99609391795113,0.7785099573273853
10.09473808366882,0.7717714133051307
7.607941701848092,0.831599472729389
8.511896037085284,0.8188020134656798
6.424377154523751,0.8474390885186761
