MSE,R2
12.110552683836115,0.7681644024491515
7.651654827159047,0.8460381797058733
8.600097873625923,0.8063760596819449
9.456910095095738,0.8046355888491366
8.611825458243635,0.8218917365656943
