MSE,R2
10.498658897468465,0.8813307894367235
11.684217316689077,0.862827377027009
11.733848009502928,0.8775200578313856
14.327293118420734,0.8440325385186335
9.556049181093123,0.8927661651436322
