MSE,R2
0.8918414023336135,0.8288978485660766
0.8926822241012004,0.8326259595465838
0.9081508693565252,0.830081764340834
0.8801276731281038,0.8297125211494056
0.9343183204243409,0.8332934565435675
