MSE,R2
0.8999851899846152,0.8273354411870726
0.8633464843030069,0.8381262833652388
0.8771767028055854,0.8358771403173808
0.816245306491424,0.8420725087849565
0.9252221526101261,0.8349164480464192
