MSE,R2
0.89810155382894,0.8276968218068906
0.8522551384689488,0.8402058625437999
0.88065631219656,0.835226093108764
0.8262289187635562,0.8401408752100219
0.9288572667143576,0.8342678497109921
