MSE,R2
0.9053086439125835,0.8664989004048176
0.7170182204443095,0.9008330435793263
0.6145629135092032,0.9149496379264093
0.6232118627696602,0.9113982380440016
0.6968838415179072,0.8963432162435305
