MSE,R2
4.548611418829315,0.9072265035900688
5.344458565264313,0.9082808666994817
5.414248291150685,0.9033370937975618
6.335309783630275,0.8884664614608881
7.147005052557277,0.8624687154060875
