MSE,R2
4.494358646985588,0.9083330433382296
5.451953736292815,0.9064360841456782
5.663239157353181,0.898891752643863
6.353428296628564,0.8881474838675608
7.283370827143408,0.8598446008272452
