MSE,R2
5.705234921038876,0.8836360060844591
6.794360769495681,0.8833983136927235
5.879722395718478,0.8950267841682378
7.158404299493781,0.8739758292674
7.9648196062613055,0.8467313421562578
