MSE,R2
5.553341588916132,0.8867340230845591
6.476329231904611,0.8888562242806488
5.767411961403515,0.8970319107147035
6.9724058657630135,0.8772503437245032
7.9064163593002865,0.8478552078202579
