MSE,R2
5.642721233233927,0.8849110355070947
6.4609618389731756,0.8891199523914662
6.111726788499768,0.8908847098391706
7.197861139845006,0.8732811890407585
7.830088963534494,0.8493239915572474
