MSE,R2
4.443873269398873,0.9093627432982891
5.4751775423662945,0.9060375278955011
5.504199987983246,0.9017311474193938
6.421365229339595,0.8869514497726956
7.0548045305705624,0.8642429489676722
