MSE,R2
5.592321413612761,0.8859389904265521
6.569045884512656,0.8872650638448648
6.081707833453943,0.8914206511702382
7.319113993380901,0.8711465247110415
7.799668351503696,0.8499093816360234
