MSE,R2
4.4916734513874115,0.9083878105982237
5.299577881746633,0.9090510882932893
5.511190328686134,0.9016063458566743
6.210930946993926,0.8906561589252924
7.24462813224116,0.8605901344541775
