MSE,R2
4.240847787684269,0.9135036518228125
5.315139142023381,0.9087840331204934
5.27469368684574,0.905828622242627
6.19434901155684,0.8909480849712615
6.923207322878385,0.8667753010353961
