MSE,R2
4.181923501712895,0.9147054717915163
5.210301372049724,0.9105832105828539
5.409160492865529,0.9034279284512328
6.3186840905587704,0.8887591578628418
6.885862977973487,0.8674939259264267
