MSE,R2
5.38910202581364,0.9036959716426576
5.814388866563254,0.8926741233644898
6.0012105368897615,0.8880991637086795
5.831953410397248,0.897143780754449
4.5697182537559975,0.9115488664075606
