MSE,R2
5.546796535112632,0.8868675160277083
6.558949083603561,0.887438340485928
6.144258259536152,0.8903039114781945
7.377740235385798,0.8701144059283179
8.12509013158161,0.8436472235544449
