MSE,R2
6.5795792251775636,0.8870623382772111
7.777482429079507,0.8556687046023147
6.973166640839295,0.8694512390575554
7.772718608342114,0.8551910680753084
6.562268112729282,0.8762336296459347
