MSE,R2
7.059140500554832,0.8657249186710513
6.328211921600966,0.8861833040864001
7.310598966486627,0.8616641813785662
7.74725899572815,0.8562938884502733
6.778521153865483,0.8814722925094328
