MSE,R2
6.337401234841343,0.8707423394588041
6.929197230439391,0.8810843125298283
6.236645436274428,0.8886544834285138
7.40667343487803,0.8696050350797188
8.011662793040893,0.8458299291021333
