MSE,R2
5.574203520587276,0.8863085230440444
6.600348101233354,0.8867278696365184
6.0604148160539735,0.8918008045789882
7.226555922926701,0.8727760155284887
7.828139625349299,0.8493615030718953
