MSE,R2
5.5868429856592865,0.8860507284646642
6.627724049215752,0.8862580562416602
6.081758173147893,0.8914197524340051
7.135105997369883,0.8743859973833374
7.836770100066805,0.8491954250761719
