MSE,R2
4.476985579437387,0.9086873844923542
5.307080683816964,0.9089223286640746
5.665903162218996,0.8988441910178312
6.347426210692482,0.8882531509787093
7.283700447238592,0.8598382578801247
