MSE,R2
4.535645626806172,0.9074909539352294
5.361535923104633,0.907987792959448
5.333822025069419,0.9047729785587266
6.236929000052472,0.8901984615195175
7.0853692913888775,0.8636547850042027
