MSE,R2
4.114736101765741,0.9160758262654085
5.296943722432301,0.9090962945206995
5.300341617961153,0.9053707186840206
6.217884101167736,0.8905337481962989
6.823449337715811,0.868694964411456
