MSE,R2
8.922668279215165,0.8429214303604599
8.643075625484204,0.8466915833808136
8.143459431345923,0.8448265807520675
9.26077273243895,0.826468145922706
6.535587639336443,0.877202408267915
