MSE,R2
22.7278516110604,0.5998889222003995
22.09455209620244,0.608093120486938
101.79271315572075,-0.939657646490732
103.50794413456791,-0.939570916634515
52.861267324071434,0.006786125208935845
