MSE,R2
14.641355561635734,0.7422471488082754
14.012224109840677,0.751455155007681
20.63175848766962,0.6068623492730885
21.65525373744554,0.5942156837074775
10.419589717809473,0.8042256343588247
