MSE,R2
8.679260824841696,0.8472064820486023
7.893877885878884,0.8599806397503893
6.668807310927851,0.8729260406506067
8.50537503259791,0.8406230730768913
6.471051461970268,0.8784149828055835
