MSE,R2
8.381536366339832,0.8524477541238086
7.695365875246474,0.8635017893212912
6.657452158364227,0.8731424128035271
8.05161561458597,0.8491257882808642
6.082312587100051,0.8857190234337572
