MSE,R2
131.37823622031843,-1.3128401484256957
102.58636339044304,-0.8196477295347289
19.872309677494467,0.6213336276790491
25.492230795114114,0.5223169596909655
56.90518447470029,-0.0691953036487325
