MSE,R2
14.68576300767959,0.7414653806322509
14.881665251333567,0.7360332553828717
49.55440764308992,0.05574198071331915
75.66226150299434,-0.41778800772252156
48.399646692708316,0.09061581260475848
