MSE,R2
5.9232553673224295,0.8957244120712089
5.928730149509263,0.8948378712429955
4.806693357324497,0.9084085762542945
6.82567527745804,0.8720979209350606
4.700792104049219,0.9116765038638435
