MSE,R2
0.001648467795472439,0.3969546767295272
0.0024630712717591766,0.32318946208280086
0.0010825215989272434,0.33028388620715077
0.0016593199784184374,0.295655539159391
0.001699281647843894,0.47444074179135154
