MSE,R2
1.5149413726228178,0.7329459725266485
1.486258623221762,0.7206482248940984
1.4128371093762897,0.7252824135711983
1.480962211259579,0.7245345060420301
1.517156381586161,0.7233435103699544
