MSE,R2
1.4101842519081724,0.734581855996432
