MSE,R2
1.4811302180995227,0.7190709163383552
1.4688225390541756,0.7368040478383752
1.5262972775774843,0.697913808929405
1.4330614587402868,0.7456989064350359
1.5029155095191518,0.7341447690240714
