MSE,R2
1.523192687713393,0.740243759476117
1.4366899870292233,0.7338194482035125
1.5181694304730933,0.7262817042427896
1.5044352360680135,0.7183260093857372
1.4459327113464115,0.7219851149534574
