MSE,R2
1.650391101117126,0.6938784465472587
1.6277708065333112,0.6810191949112738
1.7263428346298064,0.6754012794143485
1.6044300251328638,0.700320768494797
1.6901925203028507,0.7134860932455502
