MSE,R2
1.4239306212811909,0.7081106852085295
1.6444840679379402,0.6880930335452511
1.5134590591129635,0.7065146662541063
1.4182213334905145,0.7133267022487348
1.661285793972231,0.6850775524322348
