MSE,R2
1.5929910581140625,0.6949339443567107
1.5740418166036745,0.7016367706040172
1.6994304860682137,0.6673319686890848
1.5608071378477344,0.6989254858135024
1.5249150257445672,0.6968776049189069
