MSE,R2
5.703818600582642,0.8768746526231217
5.310980071933256,0.8882743484795886
5.722126802854975,0.8689914478278171
5.456300202543652,0.8782836201969336
7.818392132662066,0.8195443465091812
