MSE,R2
12087.060841873907,-267.8512618520781
313.1157456140805,-6.326802646087649
12427.463646538967,-254.69887492302442
883.6259788327441,-19.23044425257367
7284.364348252028,-177.82172223723632
