MSE,R2
4.779923709774847,0.8902463895986252
