MSE,R2
7.95816194795624,0.826325482816443
9.95354252149277,0.782107332589735
12.095626350517955,0.7405066579750363
7.848091762090188,0.8094978269922419
8.416956786698712,0.8128324015563353
