MSE,R2
203.10302662551788,-3.7136653816347067
7799.877493020312,-163.2117805459243
565.9293996311011,-12.627403998513783
35812827.076139614,-783307.2869787898
1192477.9610388502,-26519.707220775614
