MSE,R2
6.95791289831254,0.8361088161254853
8.619009510224675,0.8107103360992931
8.544484885791551,0.8111791029783706
8.318008786914787,0.813223154709313
8.051188707474077,0.8138574341115378
