MSE,R2
4.777359557985177,0.8903052660438618
