MSE,R2
12.151581902747164,0.7119629701051584
12.76164876605346,0.7200668203356304
12.257090067857941,0.7485521375176208
10.767415350141167,0.7357845336588175
13.325271951506542,0.7029681360199619
