MSE,R2
4.780582484717047,0.8902312632215661
