MSE,R2
31.542717325207406,0.27573590740958154
