MSE,R2
4.895900877573566,0.8875833946089762
