MSE,R2
5.842465469836214,0.8785315494368621
5.945904893708335,0.864320476104768
7.041661422708584,0.8441877767899985
4.242844694730988,0.9085368865297295
6.55064808927366,0.8711460820450743
