MSE,R2
7.6889604293666896,0.9178020002896683
7.015536320615127,0.9221388967070652
5.129499097440802,0.9431843881110341
6.952794289490655,0.9220548877332889
6.95435822165745,0.9217369058650693
