MSE,R2
13.95854677675469,0.7436060347600155
14.920840001268179,0.7535003057780484
12.230365231029738,0.7733049647788135
10.843586462639541,0.7977113870184522
16.839801008557416,0.6663436299625014
