MSE,R2
8.36122508192514,0.8312205160691699
6.890736018619029,0.8656131052015665
6.7925843891474775,0.8722515096747787
7.769578649158189,0.8535404172804948
7.086761393213864,0.864027631826632
