MSE,R2
0.00202294599063758,-0.13520575995137318
0.001180763300642713,0.3806427757320413
0.002771040346343801,0.39823950455556045
0.0011520462619677954,0.4040027225415217
0.001296990513635826,0.6057778438827793
