MSE,R2
0.008871053616425506,0.5927402212373777
0.010058384317354686,0.3266763068806142
0.01169265451947639,0.4399958033040854
0.009805644151999943,0.5449732383657256
0.0076890482984788,0.5504646716737152
