MSE,R2
11.6828587654302,0.7317455241611565
