MSE,R2
10.082950961174966,0.7657450332372642
11.986679557976492,0.7307323730692614
11.926998485924639,0.7476822275797903
11.456722843947533,0.750119168589992
10.810124912176635,0.7423840123980217
