MSE,R2
13.18081084954327,0.7229764542212894
10.808444851594633,0.7421691693164012
12.494771251928606,0.7387665304249424
11.905709110372879,0.7282718972690516
11.807269914047426,0.7411820669983471
