MSE,R2
13.322893638692872,0.7279417777961938
13.802334981736143,0.7240836039362388
11.447384356425326,0.7270814045583482
13.170271387128452,0.7384707318021968
12.17679474528829,0.7436033064820003
