MSE,R2
11.970145980286725,0.7302476893812733
14.00316216711345,0.725758657683344
12.738362825858559,0.726377227415254
13.250624678276894,0.7198723421959895
11.80809770600845,0.7495933620358004
