MSE,R2
17.43030027511906,0.8114233861937729
15.538519725009225,0.8160880996310046
17.863305729494137,0.8014138601636257
17.95644325692955,0.8045769192906957
15.966150559377514,0.8179574244941255
