MSE,R2
0.22875086465850475,0.6756417951184017
0.27117920788489513,0.5806515277553173
0.19540527289304713,0.728872494672542
0.2762942890969498,0.5865437427188724
0.2610391716844969,0.7060553258866793
