MSE,R2
0.2701879832612283,0.6168858668052557
0.30523517315457727,0.5279877667020694
0.22643728167363975,0.6858151554236316
0.3121926216167591,0.5328242458201664
0.31370438310627313,0.646751358943382
