MSE,R2
0.3077013637858617,0.5636936186177994
0.38444876536868455,0.4054927600417543
0.32414144902909736,0.5502492786026881
0.45723031213214227,0.3157848676948123
0.36477157092591084,0.5892468557507731
