MSE,R2
1.008580962782405,-0.43012141638998647
0.7814669419671478,-0.20845167584804725
0.335490409453616,0.534502439828056
1.287889373203709,-0.9272418614852269
0.8275617485091524,0.06811929066269085
