MSE,R2
0.310528325103138,0.5596851174936164
0.36284703844502336,0.438897427213469
0.2889107271789251,0.5991323900187806
0.39596101979382925,0.4074703396575472
0.41300024144153935,0.5349386814405606
