MSE,R2
0.5751846171891251,0.18441466795986816
0.5448239146318831,0.15749043584409117
0.2622016658683737,0.6361915801601414
0.866940731305659,-0.29731986579145886
0.646075618929618,0.27248280005897973
