MSE,R2
0.29484489525621693,0.5819234996703486
0.3337696388934016,0.48386239032375467
0.26905194853355835,0.6266867186878717
0.35644485858421654,0.46660367958015114
0.3086654973900018,0.6524254254453774
