MSE,R2
0.26919004515067074,0.6183008971466999
0.33033718154320046,0.4891703037035403
0.25514417341457646,0.6459839480657542
0.3404058848768361,0.49060495033156004
0.31668138867674317,0.6433990845448752
