MSE,R2
0.38139372774930863,0.45920123593610473
0.4232579946843129,0.3454786050132824
0.3557602886186744,0.5063777035302832
0.48604265635611626,0.2726690868899483
0.5690117551394254,0.3592610110896992
