MSE,R2
0.42485609873009333,0.3975735929006524
0.37511883761461307,0.4199204552191952
0.4895023601722575,0.32080873867693205
0.47696522260499247,0.2862528703142234
0.40897619959987674,0.5394699771083062
