MSE,R2
0.2899553689359117,0.5888566231028793
0.3060712210552719,0.5266949116464985
0.23380805053254214,0.6755881121945918
0.3501762368503083,0.475984260296763
0.31037401813455723,0.6505015357462437
