MSE,R2
1.3142544452413905,0.6519169343512756
1.670562736782459,0.5749698801768921
1.845708037968978,0.5699962274405139
1.6371559735602488,0.6083092321249357
1.7038338766127223,0.6289751293411365
