MSE,R2
8.202695219548868,0.8491626942800612
6.670628298201782,0.8680584835335925
7.504103272653417,0.863488248872121
10.532491761192569,0.8201920459608244
8.469323205672284,0.8373295576804733
