MSE,R2
0.12410220511693333,0.21826948878190333
0.12207078824296098,0.20809161777039886
0.12070176136790323,0.20823397872022764
0.11692438943486622,0.22806688484822057
0.11346074059054181,0.2490896650356681
