MSE,R2
0.12976705074477207,0.18570082848330582
0.12000187225455203,0.16460161206057233
0.12029555382157561,0.2124065309267521
0.14211394073592046,0.2652484492258663
0.1405534936099265,0.20938140634091107
