MSE,R2
0.11981222277098202,0.13455731512555902
0.1336835615880523,0.1911706731447541
0.1345997105052344,0.22325214779979652
0.14022530685466983,0.22064713675241776
0.11039597452177491,0.2920154721622805
