MSE,R2
5341.366445679124,0.21833601394866253
5306.747943373954,0.19422545055294294
4784.225088789295,0.20825852340014872
5157.076982180407,0.19661977797934238
5317.958056654645,0.18381794501011406
