MSE,R2
5303.189509567338,0.1589543534618525
4716.356251962525,0.23781546926802932
4687.833436019425,0.1885298579161091
5154.898733626811,0.17117158089803375
4938.079656536995,0.1998108238741565
