MSE,R2
0.11429212194540891,0.2827818055437412
0.11238355796362273,0.23778029590659278
0.14236327901393692,0.19761703457778956
0.11824146238525242,0.25022468939974896
0.15334231276854998,0.19682673416973895
