MSE,R2
5440.884330479937,0.17285802164895792
5129.008062051565,0.18297985784013937
5417.388362045272,0.18888026283477644
5124.300815498814,0.2332068012455234
4616.706194382405,0.181182485528546
