MSE,R2
5197.671309396279,0.13965481668349156
4939.842088084644,0.2399652582424685
5042.977688479415,0.21195578338232468
5072.25698812009,0.2059197336521632
5337.762371926037,0.172338405173173
