MSE,R2
0.13670264413116145,0.2750763879068039
0.11827029704681584,0.24601091953177512
0.12203280764182209,0.2133906574185338
0.12599559425944215,0.19409431266957
0.12328909465661089,0.2817177988874272
