MSE,R2
4910.130989553314,0.2101964050526609
5093.75626965257,0.22914055921328302
4940.439277579421,0.20726246063797216
4930.0822077521725,0.22341065563880858
5030.5217615701395,0.18364496658105445
