MSE,R2
5345.50304806687,0.18930483297551526
5141.993262851425,0.17056812868212623
5259.610521217546,0.17930480707529206
5296.993950265159,0.1513970090804414
5371.048498089523,0.20328180971706766
