MSE,R2
0.13162618501486348,0.12146843516512551
0.13296467013565774,0.22560401530873797
0.13031234852370668,0.2174731715886099
0.12284717316393189,0.16963117805318295
0.13258220893275968,0.17070714570887768
