MSE,R2
4760.342628112918,0.2378763581510963
5740.483350223067,0.13489215397628085
5325.79418146589,0.16974177250181022
5326.182145599978,0.14784149310701056
5369.503956259532,0.14439160579407295
