MSE,R2
5148.654756750806,0.2512519950873663
4917.770394581093,0.16240399973292086
5686.212511213205,0.16048242347963027
4855.1922115807265,0.23134765339943242
4887.715965536788,0.2053352572922552
