MSE,R2
0.11181209686488719,0.21589066940900037
0.12040398804703092,0.2455945547991546
0.11237080770723162,0.1623886472583166
0.12657197993457595,0.25166562763351563
0.1266787968677694,0.20836606868734286
