MSE,R2
0.1270330457784478,0.18450845889997003
0.1278953660280396,0.2234742453375388
0.12163950016677917,0.22872702224532337
0.12422031353506298,0.22052588914976057
0.12791525967141867,0.2940499211309542
