MSE,R2
0.13827911156244493,0.20428629388586494
0.13140079545010308,0.22630829722260304
0.13178636488633685,0.21602425224509758
0.12878234829672525,0.21957329832922468
0.12572636272726273,0.17440565452862355
