MSE,R2
0.11101880917583552,0.1985818335182341
0.1474843881447882,0.24705059741730884
0.14571398631366678,0.2792480056795561
0.12333778941629946,0.270495769017679
0.12777930391822045,0.17764475414664216
