MSE,R2
5144.6992899021725,0.20664274648458725
5472.009440798872,0.1928569683406991
5067.608701789825,0.18886827297499942
4964.732757908499,0.2536085460441505
4915.822624287653,0.20261801505536814
