MSE,R2
0.11284910429283872,0.23370063774150296
0.12012478396587543,0.268134313193074
0.1317798511237397,0.1257709259739236
0.12072291221262414,0.21054661109885386
0.11610965623500921,0.24710683588282722
