MSE,R2
5401.05208784273,0.17864266178699684
5140.646647548222,0.18981107680446896
5358.008994147452,0.1571247668451633
5033.007167679871,0.20982942724375875
5264.988193720454,0.16342403395984195
