MSE,R2
5425.308402679921,0.13765273760899743
4920.806277942773,0.21780177409969437
5321.188294957307,0.20515311369642197
5401.886749358047,0.16070503034663552
5492.207888870647,0.1967392311224483
