MSE,R2
4783.988797665159,0.17407977173814382
4905.359934423437,0.18021126547846222
5061.094341861717,0.1764378684990462
5252.488304240862,0.1983272369925777
4972.799842301328,0.19639062183236333
