MSE,R2
0.12847733783372972,0.21762837663995704
0.11755272622852217,0.2156012218781479
0.12233374163773332,0.24740521817714
0.1144373450881725,0.21550204646470872
0.12094972263185534,0.19912553533581934
