MSE,R2
0.12851730560296012,0.2656694240168661
0.1204578930770741,0.2598703359440715
0.10707084224442827,0.26911249743646415
0.11522953483531233,0.21941288593047414
0.10526026209285277,0.17826939517288165
