MSE,R2
0.12909108032271566,0.19054887656556196
0.12135016041118933,0.16074263461789728
0.12376002948001995,0.16746180064709792
0.11529745711616973,0.24431856525260254
0.13741044942040898,0.23022944417990365
