MSE,R2
2173.648751518222,0.4675443991055296
2139.237592067414,0.4995993805808646
2137.604862580899,0.4796049003313412
2185.7651150878837,0.4670660608906487
2223.9848243083743,0.47604019525758356
