MSE,R2
2226.9106383351627,0.46201451833607166
2269.704667432445,0.45411198356143956
2174.387443087256,0.4782409690160301
2162.5148108451135,0.4915886416726959
2176.3880309807564,0.47808853852314903
