Target,MSE,R2
0.2.1_MinMaxMM_Log1p().csv,0.00033434782588048615,0.45786462249190496
0.2.1_MinMaxMM_PowerTransformer().csv,0.00033486792116626396,0.45702130295377785
