MSE,R2
2247.396898933417,0.45706537013689463
2231.4297491212083,0.4633175068773452
2203.1971017390742,0.47132789580594525
2154.174357618701,0.4935494981406562
2158.8428043869176,0.48229599359236586
