MSE,R2
2160.4673895157493,0.4687367885173076
2202.705325821954,0.4419569531856087
2145.006519137898,0.4745219408881918
2172.940180665828,0.45419492060119404
2183.8998634361687,0.4647714068632539
