MSE,R2
2584.9275220741606,0.6933910120244711
2599.5461383493466,0.7002291948799853
2457.9671491489835,0.7438960003471882
2986.433924178542,0.7016273632663357
2616.077248341382,0.6988486431993688
