MSE,R2
0.7124594920933888,0.288386881722108
0.7412693120908562,0.3161393112310983
0.721856873254842,0.34329992678138055
0.7845745478430179,0.30198023956679254
0.77661815724212,0.3170858445804492
