MSE,R2
2143.771997794638,0.7238014545375377
2415.3966995041897,0.7341037398869878
2415.07520953896,0.6798820508399245
2130.034073036732,0.71223377328044
2325.1634281554375,0.7037801055914368
