MSE,R2
2792.429398363777,0.6635286994892542
2686.448534067024,0.7300886423347733
2627.340772393397,0.6912421381842371
2241.4509306065597,0.7101784815112584
2856.7026310349147,0.6852849407920893
