MSE,R2
0.7382809035780006,0.31543637067158126
0.6214316198027873,0.31385951808429735
0.7274925397716003,0.36923459906569844
0.6211441137872116,0.3673706071026507
0.7461546073333174,0.24985198733474867
