MSE,R2
0.7333170907889927,0.3147387452629199
0.6857644558204163,0.3345502531861875
0.6373327005581211,0.35581117714471244
0.8451582311612683,0.29181971695578546
0.6881205359454963,0.2639213391338796
