MSE,R2
0.7297764818411608,0.34878800831171575
0.6980414206824733,0.31375022050176027
0.7028147971441566,0.32815137485820567
0.7765229977351404,0.295517476282642
0.7838708680564622,0.33088116739000684
