MSE,R2
0.7434560008847313,0.264532646343727
0.7600933413987822,0.296018205014532
0.7999913253149519,0.3218006827799734
0.7257263377230101,0.33982887553217855
0.6853695372081919,0.3442248684858714
