MSE,R2
2831.8767288012964,0.7016306270957797
2561.427185346452,0.7080161426996529
2099.4027325695156,0.7332868372327428
2913.27069371516,0.6709694271768352
2396.4454812868735,0.7442790031389559
