MSE,R2
2792.017795911648,0.7007705855184311
2627.4720313155876,0.7001152549775183
2783.29161389109,0.6965745426043737
2091.632339853452,0.737281843479074
3073.9302527370505,0.6652807722663673
