MSE,R2
0.7809284175294944,0.21780588808504875
0.7159948958450567,0.3268722613924093
0.7217059371635395,0.31181389054373476
0.669573340671648,0.30183312488671366
0.7843528115711191,0.36121969940282084
