MSE,R2
2681.2889291499537,0.7085727166265712
2457.182940820772,0.7373652509897446
2596.995439201583,0.7150781374465057
2348.187646815143,0.6948559120532163
2685.0835024064563,0.7323866067541932
