MSE,R2
0.7245864262011359,0.38774036346723206
0.8324205053692715,0.32980583121967433
0.6251893733799538,0.3608763574330809
0.7409284173528766,0.33821793246591836
0.7591084575098835,0.22957873491353342
