MSE,R2
2212.0442615501725,0.7118953082956591
2558.2389491211293,0.7158900579716704
2921.145367757067,0.6994764979057346
2611.1231115506444,0.748316503516598
2582.227677310057,0.667842069955529
