MSE,R2
0.5765806377474555,0.39014621779991143
0.790529206175458,0.23591363135764576
0.7686586421372618,0.3541156670987128
0.6469809848538102,0.3580473242992638
0.7232467881984114,0.26746633761317007
