MSE,R2
2397.2410814150594,0.7384080812456804
2692.7636526462743,0.7386454921325668
2693.6106777101472,0.740374260334564
2087.848050951815,0.7148659499519249
2476.9414819558383,0.7012526991946801
