MSE,R2
2466.0270016889704,0.7472126749932031
2209.911362662186,0.7524431103028325
2322.3643287725795,0.7396055396249591
2664.385871089929,0.7207977955013098
2258.7912413580925,0.7293938237822435
