MSE,R2
0.8199833164381263,0.2755739471703421
0.6527354037332151,0.36999891592004497
0.6680456247007758,0.3626855944174202
0.668359389505365,0.33134975262812316
0.7720289491456137,0.31166701691359633
