MSE,R2
2795.6689690703624,0.6713496768884479
2428.9944852112176,0.7298913305469222
2156.4272901191907,0.7526658647185194
2738.196025351823,0.7068162650462744
2651.819842140177,0.7257898867120742
