MSE,R2
2604.0321126700046,0.710858679206178
2266.267142157758,0.745913632094457
2347.7108507818175,0.7251165722010661
3156.5298544112825,0.673976910258882
2400.9632786387724,0.7520496997554899
