MSE,R2
0.733621842388108,0.3362266839191538
0.6996577477412533,0.33394955538919746
0.7406253280998052,0.306022069099916
0.676387135369792,0.38738556479974573
0.6994138350340988,0.3339732767043263
