MSE,R2
2343.986681609445,0.7482126064016614
2272.248112424021,0.7118051703461533
2437.099476607483,0.6943855173441789
2148.1502996495756,0.7572262205462724
2099.0886741129452,0.7561751858184658
