MSE,R2
0.6748755804798355,0.32964966256616746
0.6457792913071148,0.32822015632239043
0.790193198706974,0.30669946478877563
0.8187245909323844,0.33515077976897034
0.7237673368141956,0.3321457096116419
