MSE,R2
2361.7695859410533,0.736267601280042
2670.08516663464,0.7365334930208807
2493.4941211499977,0.6947559127375167
2424.5812842826094,0.7708051935608882
2741.6903594725586,0.6915100533896581
