MSE,R2
0.6571743497594897,0.3508170627944516
0.7177824944746138,0.3218739730854736
0.6168054528610898,0.38335225108115667
0.7043477401519441,0.3710735621147686
0.7425738284268494,0.2961054128755707
