MSE,R2
0.7145778660237446,0.28694759790959057
0.6612931000766822,0.31504536559319274
0.7198280559770611,0.31931245723930823
0.7713819105029641,0.36236329497623165
0.7756857939079759,0.36214520215025847
