MSE,R2
2415.1397328348144,0.7511121691671652
2427.318040215802,0.7302797066059763
2167.3594196725876,0.726303230555494
2760.2702398291985,0.726813833299568
2569.7986175236983,0.698996696401623
