MSE,R2
0.7035640898883614,0.3811625993898129
0.6820164511541124,0.3171035752274374
0.74207132547593,0.3189810824059437
0.6611991416494598,0.35849774141415036
0.72706746919282,0.3114193737255492
