MSE,R2
9.486502189010427,0.8054142637100496
11.575729527435401,0.7694217435552635
10.612568674447159,0.8123091119185457
13.948783638114586,0.7333879551815501
12.688217094335723,0.7680752750325707
