MSE,R2
0.7545961221930465,-851720.0723161866
1.0404766011637088,-1.2858995267118978
16.817938500941125,-35.96911771010831
4.495317805786064,-96.52130590371175
0.5285466001128448,-0.1194223691477756
0.9314823806435275,-19.211733254733524
0.5571921046787169,-0.1962500173686681
0.596816124787659,-0.28006623499045946
0.29705090359005254,0.3458798907309374
0.9545645589799373,-1035697.4491848644
