MSE,R2
2.143636076019062,0.5302902858613558
2.5335901713235196,0.2409373096797982
1.971073726459843,0.48457762945411587
1.9531673067938873,0.6043261941899903
1.9600842203166893,0.4288686019671296
