MSE,R2
1.408516041828012,0.7005088897072747
