MSE,R2
1.7783254253057643,0.6189979117089663
1.989937666240566,0.3129064794228711
2.458719316610872,0.570650555069193
1.811601393894328,0.3500057724801947
1.6296836083140143,0.5693087321279114
