MSE,R2
7.456882530999601,0.868725766184987
7.374988276927954,0.8691845560176334
5.749749644887671,0.8904386618809073
8.661905099461194,0.8376899536163002
5.382285604179697,0.8988718770704693
