MSE,R2
7.656974417373379,0.8652032607724205
7.558717757947336,0.8659256147515991
5.80376101091236,0.8894094766292386
8.997993781727041,0.8313921970626063
5.397899118659852,0.8985785137063095
