MSE,R2
6.623103016211601,0.8834039868112915
7.114984798583057,0.8737964237494172
5.37111666034751,0.8976535040921904
7.764330327608345,0.8545090483973474
5.154978595355022,0.9031427636085814
