MSE,R2
6.71249005400041,0.8818303781551354
6.772484873233959,0.879871589989157
5.343904492625093,0.8981720312790984
7.999854465160724,0.8500957082312233
5.122300842257592,0.9037567480893997
