MSE,R2
7.985531317003139,0.859419200867463
8.048863939977066,0.8572315412140085
6.427693891161767,0.8775204509361973
9.02628564802688,0.8308620533957478
5.8902423748698585,0.8893278434522327
