MSE,R2
6.7640981788517065,0.8809218460681246
6.709670201416969,0.8809857787680129
5.313963114200869,0.8987425635088286
7.722448406017282,0.8552938476485545
5.20401075639417,0.9022214950669758
