MSE,R2
7.159359485009098,0.8356112776372977
