MSE,R2
7.945561720993006,0.8214159601390918
8.476505713579185,0.8134309694742042
9.008035570068587,0.8035886457258568
7.847648421326829,0.8146598551154435
10.521958945594903,0.7684589803059727
