MSE,R2
8.364046144596257,0.8176935515690129
8.221363918475436,0.8078288736952766
8.732295399242686,0.8226635545335992
9.082811506236558,0.8195867495974923
9.271727871664247,0.8028172555934397
