MSE,R2
12.556217396091528,0.8546815840158264
11.42689075668266,0.8727948828071492
12.326862154471304,0.8620401622181622
11.735647877532891,0.8679895902002729
12.86293663332676,0.8580933366249346
