MSE,R2
56.438120955615624,0.006438541091741468
37.28202282295412,0.3387020853439239
45.352324339182104,0.13581257475620678
82.80941808293363,-0.5517141247465551
53.45098740997672,-0.00429416478814848
