MSE,R2
58.23209325960203,-0.025143334941861717
35.91262616638053,0.36299205366537357
44.78509970978149,0.1466210261235622
83.19238555237257,-0.558890313704334
54.43917684979717,-0.02286132203268809
