MSE,R2
59.747399057970156,-0.05181944346969103
36.821817325953475,0.3468650795281455
49.031155085927175,0.06571254532528614
84.74018463855815,-0.5878935570540049
58.54215938239822,-0.09995253428875595
