MSE,R2
58.38565522359047,-0.027846707173073026
35.48132470270146,0.37064235632930187
45.5132721604243,0.13274571797952506
83.60050908449436,-0.5665378864574793
54.55434618058075,-0.025025246264458678
