MSE,R2
77.24457017519435,-0.3598473254693124
67.28094683629928,-0.19341029455991188
57.04485839178965,-0.08698837414176364
64.79207265566679,-0.21409830716010592
80.372824760244,-0.5101303610190617
