MSE,R2
59.73302978961531,-0.051566480561140215
37.16184716296357,0.3408337270126598
43.980324556034546,0.1619559968918829
83.03959694202179,-0.5560273030677387
55.12166866349576,-0.03568470620622799
