MSE,R2
56.699556188130025,0.0018361204826055078
37.323016169863784,0.33797495701843394
45.34226589168385,0.1360042382259875
81.19376695715783,-0.5214394442746046
52.563947493711055,0.012372487317019232
