MSE,R2
57.90618881899715,-0.01940597009006728
36.81904068283737,0.3469143308338256
44.407804596745905,0.15381037522621888
85.24659820486603,-0.5973829255581555
55.40089392604461,-0.04093108827375369
