MSE,R2
57.30523495172227,-0.00882651437828419
36.92144068426524,0.3450979887397657
44.668245221972654,0.148847685515757
82.19235531930187,-0.5401513698287073
55.35969517300206,-0.0401570021570683
