MSE,R2
50.42595042992981,-0.09068354244495191
22.445224945809137,0.4861505854207522
38.32178281486648,0.17225173605457145
32.09549966120932,0.29952844587178407
40.84422918517689,0.06811561751180373
