MSE,R2
68.30859656867986,-0.477474622684559
86.12964058643655,-0.9718076116463703
104.1883321585206,-1.2504618713649367
84.27102379598232,-0.8391816805921459
50.888555404117916,-0.1610514134930272
