MSE,R2
52.92217678381055,-0.14467544501064178
24.41177195671846,0.44112947145383685
37.66333965578243,0.18647406971977687
35.11843231358474,0.2335541393370416
41.86979095147906,0.04471684093161443
