MSE,R2
50.344427667908576,-0.088920253223566
22.634408171642736,0.4818195221287819
37.96064679496286,0.18005225292946536
32.826643910794175,0.28357151252584223
41.520808828774825,0.052679067087021525
