MSE,R2
49.8158033730976,-0.07748642176236098
22.86187407949145,0.4766120348406395
37.464438207849,0.19077032934367055
32.09284967479535,0.29958628077453986
39.732973690233514,0.0934695453824207
