MSE,R2
49.06441905630901,-0.06123442251623201
23.056189465660765,0.4721634785143869
37.41731941267945,0.19178809255915596
31.51618524504806,0.3121717533043148
40.832461349686646,0.06838410738975775
