MSE,R2
4.302829630941964,0.9122394699036569
5.166850755657468,0.9113288900241302
5.169397439886158,0.9077085214818175
6.252038184644057,0.889932463347448
7.012607907400229,0.8650549472449176
