MSE,R2
6.4959758007819195,0.8856464046603352
5.578756252587833,0.8969908743801772
7.367600431047319,0.8735077293988712
6.703475883074962,0.8707637703507005
6.065629740402714,0.8812337640697543
