MSE,R2
7.8263242461113265,0.8593910555335827
6.947982890578383,0.8729554474594
7.235707929814377,0.8714577297769565
6.365574271295231,0.8702393933284482
7.090045020195036,0.8738173916899133
