MSE,R2
7.759774790549254,0.863398791261108
7.354256638609564,0.864207089962832
9.05045287571853,0.8446153065801623
8.59991823351937,0.8342022814464897
8.23883026809477,0.8386820657891281
