MSE,R2
7.206515228964707,0.8641376322401255
8.100165883420404,0.8540513355220378
8.999079860261052,0.8368682752808104
7.028384961233355,0.8735889499028557
6.184024876908993,0.8756644660857039
