MSE,R2
7.707936591185211,0.8533878373023622
7.179923490462848,0.8740507774136723
8.040580686669534,0.8506513485897642
7.147373907014553,0.8744732224683787
6.418830713118496,0.8762076684207804
