MSE,R2
8.892901212019613,0.8168368764291238
4.989279302105711,0.8977872706147523
4.352168600849658,0.9056912673819594
5.649313694807158,0.8857774410634072
6.554571440742149,0.8641503008500581
