MSE,R2
5.062969696227115,0.912732349942808
5.612049330963404,0.8974025582669312
6.153791479957065,0.8829072394446348
5.317385077165283,0.8974943240216001
5.251513431514051,0.9045853435872662
