MSE,R2
5.382506222860077,0.9083058168092921
5.256598937210043,0.9040784657773805
4.96214836218282,0.9031670336379735
7.98513764748408,0.8568785659121989
4.979663854535767,0.9031027906388805
