MSE,R2
4.678948377537369,0.9047305569567157
5.412465522501293,0.8977476136856513
5.794393433034281,0.8996160588152072
5.376146596913973,0.9010580053941799
5.50686499464062,0.9041222955258846
