MSE,R2
6.121054719003525,0.8880543383145083
8.044116639470177,0.8569959275488865
6.186710566583247,0.8874735720673744
7.002519739514439,0.8665494167698828
5.7762990305424236,0.8926197178166336
