MSE,R2
6.996225325961643,0.8708124242436359
5.144360569274736,0.9031234723733907
6.693243623748597,0.8821553264708145
6.044411154377252,0.8896389415069053
6.9741432246666015,0.8692937304181318
