MSE,R2
6.4235184294916,0.886921926794348
5.490108019277702,0.8986277225570056
7.357674816990681,0.8736781394897665
6.674596557667829,0.8713205345123881
6.1024744443757655,0.8805123374426564
