MSE,R2
5.762081525516302,0.8753695778359277
5.925721625927156,0.8643395824370745
4.438964280911869,0.9041186315628523
5.063652564435415,0.8894877905371187
5.0822761534942815,0.8840449711154711
