MSE,R2
4.523435594011161,0.8961357088512617
