MSE,R2
4.5388959412382635,0.8957807180544916
