MSE,R2
5.508741590803826,0.8800991251925391
5.0795152589260075,0.8826051400269123
4.607428000074628,0.8947672665082447
5.864356202336731,0.8676397824247575
5.40815056235378,0.883046182312106
