MSE,R2
7.666295270722308,0.8450949947493765
5.532202451872099,0.8741286873339855
4.544842332178477,0.903694388105294
3.786284470363323,0.9219374451675959
5.063651818712517,0.8818536089935793
