MSE,R2
4.251857161536148,0.9115732096046089
4.961121360365669,0.8860260211281212
5.064950688711659,0.8918345884699803
6.052671473648601,0.8646862126025414
4.845749235960999,0.8902476907274298
