MSE,R2
5.737553450932708,0.9361279193010886
4.793785450318031,0.9458690188374522
6.660848046278879,0.9260815923569881
6.787622123413034,0.9242371483062004
6.027230493199017,0.9263151092111559
