MSE,R2
5.207922356185585,0.9107508831745145
5.494433857542366,0.896522830582128
5.576613498418469,0.898943601962969
5.069775174376689,0.9074788409213299
5.403643653890118,0.8978951045382911
