MSE,R2
5.998877639930479,0.886371833566631
5.565157451395138,0.9009877096070525
4.919005047461984,0.9113053205953192
5.552626338596788,0.8957985702441067
4.977757757094892,0.9085842717693338
