MSE,R2
3.4638532528831454,-0.02089347638947503
2.036217780779382,0.4016819467504896
2.0083656727848673,0.5728750114180778
1.9897062221399724,0.4703898986457242
2.5382977364314776,0.2787648765853923
