MSE,R2
3.5169006063519777,0.016540468684181464
3.5783367140588798,0.1357167573637763
4.292958204324504,0.03493901910938191
3.795475034723806,0.2688695719341285
3.42462659715066,0.038923655826044845
