MSE,R2
1.5559633275700153,0.6691573466611549
