MSE,R2
1.2673295443833175,0.7305292086971635
