MSE,R2
5.232221815624785,-0.4565139369660449
45.03455509977257,-8.78628418435624
29.162420480608535,-5.711995226383225
77.1467246067724,-14.588753429773165
8.552047281916742,-1.302952111533192
