MSE,R2
49.58594767172939,-12.999964235401233
39.15634176183345,-8.192297644036936
44.209563372661066,-12.957856795764776
46.283027077861725,-9.547743073184883
51.57217462342165,-10.834215990731954
