MSE,R2
1.5326963926788264,0.5234564249804137
1.898834112653759,0.46856973861192275
1.3858376556398406,0.6708890137620125
2.0990672872723555,0.4443833031840114
2.4210540669235123,0.5098741453446922
