MSE,R2
21556.016804062092,-4064.5537789452274
30096.33182499424,-8364.8801965272
18939.99888692861,-4324.55055433809
16585.701947576614,-3018.9457656481095
20199.82858759111,-6315.247206715791
