MSE,R2
1.558564553638051,0.619076160000425
1.9388992882024638,0.5608202815404281
1.8108423942130516,0.5680541429987216
1.4889940172995222,0.6796570045642535
1.731565685621101,0.5435329384269989
