MSE,R2
6344.034080965717,0.2966248980070406
6172.095234049932,0.27489763065333217
5823.98262250693,0.32897828612410573
7015.895784951586,0.21727126041036937
6028.7288540221125,0.29509423779969945
