MSE,R2
0.05613420535813259,0.25161947936369855
0.0615609536903831,0.2272192055072042
0.06357215633665869,0.18977487381585356
0.04490548450319766,0.3241946282250274
0.05865158186848561,0.19767225632063945
