MSE,R2
6438.498785302298,0.297451546887357
6023.658286205541,0.3487450257778699
5681.371010012148,0.3360277669940971
6052.617222267135,0.2997570603050429
6642.856724659008,0.27067530396086303
