MSE,R2
6017.1260328315775,0.2937261785942248
6061.3280389796955,0.3159899157404652
6055.328894566548,0.35148647271755307
6221.5814056163845,0.3218097868668812
5750.551181267576,0.31918655210819025
