MSE,R2
6831.060368432697,0.238063396672623
5972.886750641859,0.3025702077213166
6412.193989836607,0.31687899667733077
6390.2739504695965,0.29294063300412665
6571.101729274711,0.3232406602901601
