MSE,R2
6462.210818644173,0.35349899171329113
6493.56103026331,0.29817803570272006
6633.6850972357315,0.3043071481461349
5660.251255695638,0.336988226499386
6299.122026716641,0.3125688797740528
