MSE,R2
0.06409287044192051,0.15822759588030744
0.05074721220592941,0.34046140339469333
0.05547440455545716,0.2836357209577146
0.05179683188800028,0.24816483363109132
0.08518487766564141,0.2875015595689937
