MSE,R2
0.062456554496161165,0.32751217515971587
0.06072869665914363,0.3054278870249202
0.07674628317797727,0.2722220834759489
0.06109547108693871,0.2926685611462062
0.07643642097270835,0.3375052348786044
