MSE,R2
0.05706880971679236,0.31484310436379737
0.07053595985378262,0.34741487035417273
0.06402199506913187,0.23645640009197155
0.07986989414813851,0.28625065472953415
0.07464606778477602,0.35897928235640986
