MSE,R2
6275.763193711867,0.31371231209768236
6759.811415730935,0.2970139452723394
6160.712385569321,0.29815783578211785
6937.112695031403,0.32435642932619657
7046.661082982076,0.23303499121403215
