MSE,R2
0.0671833014459072,0.26156970087586107
0.07429867525107214,0.22105410169665962
0.06205766865966805,0.1858268761129933
0.06730294130985702,0.23649869944500734
0.08332077910149475,0.2861595567562524
