MSE,R2
6442.676498337327,0.3149051104605053
6187.607962255073,0.30303962280320507
6172.527046037398,0.2918720311280667
6398.925788656627,0.32482655228945967
5811.359608720559,0.34785160360760725
