MSE,R2
6533.634239454669,0.27727943676900757
7070.763212681948,0.29353452320828866
5703.975299715305,0.32784264994767987
6388.452814646703,0.34004646452805265
6231.052288167085,0.3210444539662989
