MSE,R2
0.06561518457795248,0.2963130976498002
0.053087957215138704,0.3895269521934245
0.05298035252015909,0.30352394188535037
0.08443282874638951,0.2989748279823772
0.05110683400824544,0.33888402053421296
