MSE,R2
6046.960254576997,0.3615148519819392
6446.400415497919,0.3083485452502476
6131.201568640762,0.3074927325653275
6057.793194082636,0.3356901086821952
6329.3875930127315,0.28519180703481417
