MSE,R2
6728.569274205081,0.316981833244519
5935.667684888404,0.3322665282439127
6674.851798721333,0.31101559454672023
5922.2858065221135,0.2789149402980622
6147.673273932495,0.3059333666945203
