MSE,R2
0.07142912700819727,0.33575125075902534
0.05673407428082532,0.25612890445615333
0.05562176986578168,0.21115907443107196
0.056546174698751915,0.273765790602451
0.09090558728767498,0.2928555847039137
