MSE,R2
0.0686165694112699,0.31739324847123696
0.0842057131566586,0.29836517260357576
0.05071717910129178,0.3024419568933847
0.052689328364540204,0.3322751422117417
0.06977901555701578,0.35908180381908716
