MSE,R2
0.07666085552238776,0.3262730220768778
0.09004278606641002,0.35303579363288473
0.05329755619223139,0.22477125065080272
0.05599874231601227,0.26641578789711473
0.08272443763935693,0.2900951001207359
