MSE,R2
0.07810416509481438,0.2389451501366422
0.055028329619118264,0.24833569817473855
0.04641945818303116,0.33162143818359957
0.06635838160801764,0.36020209701263306
0.0646615581288851,0.37106500485820004
