MSE,R2
0.0836195992924421,0.26893473111439326
0.056614909191943535,0.26005139817810097
0.06474411869306056,0.28419356596812806
0.04306690221364506,0.29683876674866083
0.06582995924583257,0.27565904051234214
