MSE,R2
6158.786028250905,0.24733015029235206
6100.943864165109,0.328675891547642
6003.1912478350305,0.33766225374263237
6684.77648608767,0.2818015286049417
5006.853975554753,0.3898322402532365
