MSE,R2
0.04997966885601997,0.3242728010104934
0.07134833400795847,0.30460619706555014
0.05865580794162863,0.24905670926459422
0.06824858626728583,0.28124144949436736
0.04475014255059114,0.34599599835498596
