MSE,R2
6354.266284956081,0.3014071386513998
6401.652365463235,0.30229717874478956
6414.403343706305,0.31599139217901373
6257.424685421616,0.3324354009765078
6117.934870783799,0.3312055718402732
