MSE,R2
0.05991654185162207,0.3351119414422078
0.05864687230828286,0.2128007265822488
0.09427596601258344,0.2896751143494295
0.05020762824733089,0.3487234549671392
0.06280076615350481,0.29056803686393307
