MSE,R2
0.10254535469892588,0.2858250153455867
0.04882795642000077,0.2954517393852053
0.06537139529685146,0.26609373227723454
0.07758574505374609,0.2938614752461608
0.0748652979732508,0.2683130247386005
