MSE,R2
12914.887721936399,0.6003977888849154
9159.312192407839,0.6777035648878076
12196.358465777335,0.5468203949286062
8524.892630480093,0.6439849366758623
5191.047441186395,0.6335317415939725
