MSE,R2
0.12866682513430386,0.4052074041397118
0.113455071911752,0.42615021783719764
0.1209931031179943,0.5306960772436398
0.10065821402600288,0.42604634134763597
0.10708917164686767,0.5355995640258241
