MSE,R2
12007.990561601218,0.6119552691503762
6845.318186108929,0.6121370930486936
11968.857048596774,0.5723352653333726
10529.076993403976,0.6091756967078794
8941.559798869815,0.6739131873178644
