MSE,R2
0.10676672687753941,0.4809384839176647
0.1506046425263516,0.3807732331789192
0.09156044684987608,0.5207452588102849
0.11101999260086591,0.5342968078219238
0.08733083988343468,0.5294820775837992
