MSE,R2
0.09849942785988675,0.4615316292759606
0.1071743760750768,0.43946639308800417
0.10294128643250255,0.4990438648082475
0.12643839325980666,0.3945456534621332
0.1461822232955398,0.39828217936714616
