MSE,R2
0.10817398913098153,0.48882612464050945
0.10726097094864065,0.39673630948759586
0.08201330199811514,0.49304335024937496
0.11497167528195909,0.4548993329565443
0.10618809371852948,0.46434281062114247
