MSE,R2
7096.719279371358,0.7823270983380622
6571.076745413325,0.7154690875976432
7982.810991986212,0.6741976655678318
10866.351156577843,0.6094269557629175
8052.456344432788,0.5656622724935332
