MSE,R2
0.11056841034718026,0.4351627109149717
0.08938301652428965,0.5199002778828145
0.10079031987589372,0.47358473300016046
0.1539003209163592,0.39864952478337246
0.10093079000241238,0.5168503789174711
