MSE,R2
0.13622786747191057,0.43191195446537545
0.11209765519178691,0.43803881977319126
0.14156002721706584,0.33114701926508694
0.1172656965466037,0.45010159469292477
0.1102065228459572,0.4734863951123244
