MSE,R2
10056.51703294899,0.44825107134108433
6821.564457636075,0.5827102343146666
10908.126310315505,0.6131906127592481
3563.9379826201894,0.7861434750026064
8439.284745193701,0.7187852707895088
