MSE,R2
6619.715626438167,0.7533412561466083
6042.703376376228,0.7484001272882651
7252.055120061846,0.6388002389752672
8146.486460799865,0.6763120011454684
11768.17352461076,0.5230825012616152
