MSE,R2
0.143154743993156,0.35771787464321436
0.10228799243368426,0.5189598294498496
0.09752217604623882,0.43576796923658756
0.12091273636876088,0.4062194421926748
0.10887706876890611,0.5067224864126831
