MSE,R2
7298.061025104944,0.7039897406009563
6659.352907115864,0.7523474132999771
12268.804944069463,0.4781939070013259
10669.0892017194,0.5989545896711206
7995.979157352716,0.6501846267429334
