MSE,R2
7307.916317679539,0.6605201905796424
8859.89692611066,0.6169645949347158
10209.86569567197,0.6092943149590946
12089.855619882179,0.4304608503678301
7510.590537619965,0.5932695271489898
