MSE,R2
8310.176233044827,0.664488653680375
12011.255951678875,0.654888070894599
4488.892736329127,0.7636232117782118
11562.913470735059,0.4627960603459924
11443.853863620065,0.6277023085940863
