MSE,R2
0.13752437255618577,0.39176059614322534
0.1394549636505579,0.36788524226010755
0.1031558594245016,0.4563514919799565
0.0805324686854965,0.5274451898633585
0.15587761253648533,0.4722500331612197
