MSE,R2
0.13038776204800215,0.39429293298954216
0.11042020533210417,0.4790615349400954
0.10504706889519735,0.48410240700192564
0.10629617610135979,0.511043010077913
0.0818318023471042,0.49799687784825786
