MSE,R2
0.10380356714410492,0.5044994310847994
0.0987115042789071,0.4744346759881868
0.10905667385492823,0.509065956155491
0.09534411915740344,0.4890432266430004
0.11383229293705897,0.4358311192500661
