MSE,R2
14675.76978597969,0.45078095858053346
8896.474373304765,0.45415621272996853
7920.943038922949,0.6238628188449149
10123.899152702814,0.6465582430508261
5631.500849211252,0.7026093994856728
