MSE,R2
7125.625397789343,0.5115325048292534
3625.8979254792607,0.8140266159136911
8979.114009208286,0.46415876201968986
6187.767318294243,0.5922256594426596
6952.325694242192,0.5341242541223064
