MSE,R2
0.09724608614819026,0.5213136078242097
0.11934867441290185,0.3993200101852229
0.11592667056052947,0.45145433740035334
0.10076331201106073,0.4111579288725268
0.11093766915910148,0.46841058912486866
