MSE,R2
8438.616005080732,0.5779864426814778
6483.718777111295,0.7395240660323229
8747.54803728701,0.6103761723715475
9834.216781408859,0.591523996846318
5384.740799788605,0.6561847761015336
