MSE,R2
0.127029297184969,0.40156970181491025
0.1372481382857837,0.40664496173461484
0.08081077143596137,0.48554827129756917
0.10530159568927634,0.5019196538499713
0.10461372173944114,0.39617846968953985
