MSE,R2
6002.724599020924,0.7077093585906595
4140.047009986533,0.8101468715499474
5274.136674684357,0.6585330462602201
11578.300691094248,0.5920832111217283
6576.23615020735,0.6689408588458104
