MSE,R2
10214.147957239009,0.627007232265449
7393.770920045359,0.6332355869995936
4163.557467690228,0.7940674138114312
10564.868830500967,0.6287814546416912
9299.139324934478,0.6573355216975347
