MSE,R2
0.120479403289139,0.5113097138901301
0.10130180133989225,0.4654724724115895
0.0967965504336382,0.5548483670750989
0.10117846917324246,0.4637064255427136
0.09823319662903962,0.5128842036827017
