MSE,R2
11002.525184911336,0.49239370815070993
7525.883445904486,0.6832885090519603
12085.296904689765,0.4688297248376927
8417.890426180942,0.6607629780308364
6783.668237745347,0.6542887570629123
