MSE,R2
0.12040197767344747,0.4001589323480039
0.09839151857590464,0.5332661751893877
0.08934239874759525,0.5452699503409302
0.11495602282953934,0.4892106323941895
0.12091551146533042,0.39388429471967856
