MSE,R2
1.6327366036272952,0.7047390262667191
1.6735806035956073,0.7058799559776572
1.7797905939079095,0.6802446442649234
1.8513589046754855,0.6655491999397558
1.7342898930938615,0.675255166663506
