MSE,R2
0.7645470863791086,0.8561005993397716
