MSE,R2
0.8557005257357595,0.8389441343878714
