MSE,R2
495498.5253706821,-100532.817592822
2665138768.5233717,-497861404.19014275
2069072.9154922965,-389405.1078560718
308848.016648422,-55472.46007906645
16706.286733189096,-3015.9081852008944
