MSE,R2
0.8076172724846921,0.8407742389449795
0.8158772911205054,0.8481577880832969
0.8791770449979845,0.8495445858689779
0.7697901829373485,0.8585869322455277
0.7809676852346747,0.8468677418361021
