MSE,R2
47.18548953176357,-8.67830380070111
53.83778851935838,-8.465824837773559
2913150.691561145,-496007.93139838334
1427.077246302368,-251.7205515066738
19.04226246264001,-2.642937884161812
