MSE,R2
0.8602501314056018,0.8456836454717345
0.9386859491141508,0.8316182238021836
0.869035900077318,0.8433673999315869
0.9705356554985354,0.8351949025041678
1.0788725279554574,0.8218196543430283
