MSE,R2
1.4031849413499486,0.7518057541367767
1.5260926729053474,0.7023645226493898
1.4863962555424595,0.7155569836271181
1.3735685291338489,0.7368138321901462
1.4009179380486676,0.7407598944693796
