MSE,R2
1.272923605313968,0.7523623619543078
1.1352441957865786,0.8060204448531941
1.1106169985905447,0.8003488599463153
1.0485411097207051,0.810026574550257
1.1003608484935592,0.7983943495773447
