MSE,R2
0.9297811822335784,0.8177574339610393
1.1160039498239795,0.7809235849522989
0.9457991509916135,0.8125178753361344
1.1958506694306736,0.7764979469396621
1.124279053388194,0.7745776043978783
