MSE,R2
1.0407001123258226,0.7956221338469003
1.0948074383819415,0.7851977682802636
1.059991810983046,0.8010357340054302
1.1539661252047906,0.7817563268421492
1.202397264990765,0.763162209541204
