MSE,R2
9.95199261196402,0.8140548032338287
10.65098635306721,0.7999222102994593
10.121313481136978,0.7943479357567369
9.626512222565456,0.8184760313365032
11.231531219233005,0.8068197099921567
