MSE,R2
0.9243455724251212,0.778594855562498
1.1430400678861465,0.7228444154979936
0.9215462442668341,0.7819520596201153
4.289475075531817,-0.013290257119788373
0.8701527617050189,0.7924266323683176
1.1870067888886342,0.7235822720873742
0.9872145734440787,0.7641336663510943
0.9775200218728322,0.762977804603522
0.9047850968819604,0.7871259265083136
0.9727169845100269,0.7675046433357399
