MSE,R2
9.791353064044959,0.8176180088068218
