LoggedR2,LoggedMSE,UnloggedR2,UnloggedMSE,PercentageErrorUnlogged,PercentageErrorLogged
0.8176180088068218,9.791353064044959,-0.00782622528816379,1.7193953428836522e+17,51.54130702836005,48.417591450883684
