LoggedR2,LoggedMSE,UnloggedR2,UnloggedMSE,PercentageErrorUnlogged,PercentageErrorLogged
0.8213269940773481,9.59223261330594,-0.007729400129371289,1.7192301549544986e+17,51.21249486230991,48.17098232634607
