MSE,R2
78.66832924122652,-0.3452155939831836
