MSE,R2
24.569242931389137,0.5798699547524485
