MSE,R2
9.59223261330594,0.8213269940773481
