MSE,R2
9.791917495861167,0.8176074952242904
