LoggedR2,LoggedMSE,UnloggedR2,UnloggedMSE,PercentageErrorUnlogged,PercentageErrorLogged
0.6626903518361885,19.113500730135495,-68.6738593787252,2.1343629017478697e+21,52.934226073257186,76.5261914139425
