MSE,R2
19.113500730135495,0.6626903518361885
